Дата,UserID,Продукт,Количество,Цена
2024-01-01,488,Smartwatch,3,305.14
2024-04-24,106,Tablet,4,399.27
2024-11-03,436,Smartwatch,5,412.36
2024-07-03,369,Smartwatch,9,791.2
2023-11-27,188,Headphones,3,243.16
2024-05-30,226,Smartphone,9,561.37
2024-08-27,70,Laptop,1,183.6
2024-06-12,213,Smartwatch,3,533.12
2024-06-03,77,Tablet,9,646.19
2023-11-26,22,Smartwatch,8,861.71
2024-01-28,342,Laptop,1,650.18
2024-09-18,7,Laptop,6,14.28
2024-05-09,41,Smartphone,2,823.77
2024-10-03,477,Tablet,8,982.21
2024-03-23,475,Laptop,10,548.06
2024-11-11,156,Tablet,7,542.63
2024-09-16,259,Smartphone,2,144.46
2024-07-21,325,Headphones,2,517.66
2024-10-15,404,Smartwatch,6,97.87
2024-09-21,195,Headphones,5,430.25
2024-01-29,178,Tablet,8,772.78
2023-12-07,92,Headphones,3,562.58
2024-04-23,409,Laptop,3,125.46
2024-04-24,211,Tablet,3,26.23
2024-10-12,362,Tablet,3,660.28
2024-08-17,416,Smartwatch,2,551.26
2023-12-18,43,Smartphone,4,639.96
2024-11-07,357,Smartwatch,5,918.7
2024-01-28,140,Tablet,5,908.49
2024-01-27,16,Laptop,2,52.07
2024-08-13,457,Smartwatch,3,17.06
2024-10-30,85,Laptop,3,956.56
2024-01-29,273,Smartwatch,1,114.32
2024-01-11,37,Tablet,4,808.08
2024-11-09,139,Tablet,5,218.29
2024-09-05,211,Headphones,6,994.49
2023-12-02,479,Headphones,6,825.16
2024-06-17,60,Laptop,7,106.79
2023-12-21,482,Headphones,1,925.4
2024-10-30,194,Tablet,3,820.63
2024-03-28,264,Smartphone,1,260.1
2024-08-22,238,Smartphone,9,457.8
2024-07-02,144,Tablet,3,509.42
2024-10-04,229,Tablet,9,549.48
2024-05-18,286,Smartwatch,5,904.18
2024-04-19,142,Smartphone,9,58.36
2024-11-03,208,Smartwatch,10,757.57
2023-12-15,305,Tablet,10,70.16
2024-06-24,463,Laptop,9,278.77
2024-05-22,200,Laptop,3,382.41
2024-05-07,243,Headphones,1,777.91
2023-12-16,432,Smartwatch,4,949.89
2024-01-02,425,Headphones,3,608.76
2024-09-25,434,Headphones,8,947.38
2024-08-05,406,Tablet,2,89.57
2024-01-04,372,Smartwatch,9,79.88
2024-01-04,324,Laptop,8,331.85
2024-01-17,164,Headphones,10,390.76
2024-08-17,285,Laptop,7,564.06
2024-01-12,444,Headphones,5,875.38
2024-07-23,428,Tablet,9,74.84
2024-02-29,217,Laptop,7,969.23
2024-06-03,178,Tablet,2,105.13
2024-10-26,351,Smartphone,3,773.73
2024-10-12,402,Headphones,2,928.26
2024-05-11,114,Headphones,5,322.63
2024-02-03,413,Headphones,5,556.09
2024-04-11,440,Smartphone,5,893.01
2024-11-19,86,Headphones,4,991.38
2023-11-27,408,Smartwatch,8,976.44
2024-03-11,251,Headphones,9,813.22
2023-11-29,309,Smartphone,2,900.89
2024-01-06,436,Tablet,2,220.98
2024-03-23,30,Tablet,3,878.39
2024-08-05,57,Smartphone,7,239.44
2024-07-06,318,Tablet,2,601.75
2024-07-06,238,Laptop,8,337.16
2024-02-21,301,Laptop,3,356.97
2024-08-09,292,Headphones,5,320.68
2024-08-20,56,Smartphone,1,722.05
2024-01-13,286,Headphones,2,797.76
2023-12-01,12,Laptop,5,367.94
2024-10-02,407,Smartphone,7,565.71
2024-02-10,197,Laptop,7,548.37
2024-05-24,477,Tablet,3,763.55
2024-10-23,376,Headphones,5,776.21
2024-11-18,445,Headphones,2,197.17
2024-08-04,458,Smartwatch,1,881.32
2024-05-12,370,Laptop,6,536.14
2024-05-16,294,Smartphone,9,838.01
2024-08-15,187,Smartwatch,4,581.93
2024-05-15,380,Tablet,10,657.55
2023-12-15,131,Smartwatch,10,201.69
2024-01-15,85,Laptop,1,113.7
2024-09-01,166,Smartphone,1,284.64
2024-08-16,229,Tablet,8,130.58
2024-11-19,332,Tablet,7,823.65
2024-03-16,109,Laptop,4,968.53
2024-05-03,100,Tablet,7,826.14
2024-02-13,267,Tablet,3,279.22
2024-05-10,151,Headphones,6,812.82
2024-01-03,311,Tablet,7,307.04
2024-06-12,314,Tablet,5,861.63
2024-03-21,467,Tablet,7,320.34
2024-10-21,235,Tablet,5,34.3
2024-07-21,379,Headphones,4,425.11
2023-12-07,383,Smartphone,4,235.28
2023-11-25,282,Smartphone,10,738.27
2024-08-09,418,Laptop,6,535.63
2024-03-10,117,Smartwatch,10,35.5
2024-08-17,386,Smartwatch,8,418.14
2024-07-19,249,Smartwatch,5,800.72
2024-05-20,137,Smartwatch,9,361.23
2024-06-07,259,Headphones,9,47.19
2024-02-02,444,Headphones,6,184.08
2024-04-17,277,Smartwatch,5,294.63
2024-09-25,468,Headphones,10,715.56
2024-05-18,499,Headphones,9,770.67
2024-11-13,182,Smartphone,1,469.36
2024-09-04,427,Smartphone,2,666.96
2024-11-04,483,Smartphone,7,70.23
2024-04-04,164,Smartwatch,2,301.34
2024-02-13,412,Smartphone,7,663.25
2024-03-26,470,Headphones,10,246.36
2024-04-18,367,Smartwatch,8,499.5
2024-07-23,441,Headphones,7,613.6
2023-12-29,298,Headphones,7,76.77
2024-02-01,114,Laptop,8,366.85
2024-04-26,391,Smartphone,5,750.2
2024-01-07,99,Headphones,6,954.76
2024-10-25,196,Smartphone,9,64.05
2024-07-06,310,Tablet,7,170.07
2024-06-17,465,Smartwatch,10,341.72
2024-06-20,71,Smartwatch,2,728.2
2024-07-13,7,Tablet,9,480.41
2024-07-07,241,Smartwatch,10,124.28
2024-04-30,234,Laptop,10,818.86
2024-03-29,79,Tablet,8,633.39
2023-12-14,41,Smartwatch,9,935.82
2024-03-30,422,Headphones,2,214.32
2024-08-18,163,Smartwatch,2,777.8
2024-05-29,451,Laptop,5,338.97
2024-01-22,141,Smartphone,6,146.59
2024-08-03,384,Smartwatch,1,30.27
2024-08-01,56,Smartwatch,5,501.09
2024-01-27,111,Headphones,7,377.25
2024-10-28,96,Tablet,3,964.29
2024-02-09,241,Tablet,10,923.37
2023-12-30,487,Tablet,5,167.28
2024-10-30,496,Smartwatch,10,681.03
2024-07-20,122,Tablet,9,123.1
2024-02-26,260,Laptop,10,695.2
2024-05-04,285,Smartwatch,4,246.31
2024-05-01,137,Headphones,5,285.29
2024-11-21,10,Laptop,2,581.11
2024-05-12,36,Smartwatch,5,702.22
2024-04-19,79,Laptop,8,375.26
2024-06-26,63,Tablet,2,388.22
2023-12-14,272,Smartwatch,8,525.54
2024-06-30,348,Smartphone,7,673.18
2024-10-30,256,Headphones,8,266.36
2024-05-14,401,Laptop,5,272.76
2024-02-05,215,Laptop,8,351.15
2024-03-16,424,Laptop,7,310.5
2024-08-05,352,Smartphone,7,442.01
2024-04-26,413,Tablet,10,72.62
2024-07-19,422,Tablet,4,349.86
2024-07-23,65,Tablet,10,499.98
2024-03-05,258,Smartwatch,3,128.84
2024-03-08,130,Laptop,4,166.21
2024-10-02,239,Tablet,9,250.4
2024-01-20,58,Laptop,2,258.92
2024-03-11,42,Smartwatch,4,466.34
2024-03-30,488,Tablet,8,808.98
2024-01-23,445,Smartwatch,1,723.4
2024-07-22,18,Tablet,9,319.95
2023-12-23,384,Laptop,9,473.91
2023-11-26,454,Laptop,3,123.88
2024-10-31,310,Laptop,5,500.17
2024-02-10,179,Laptop,9,174.94
2024-04-18,29,Laptop,4,734.65
2024-01-25,19,Headphones,7,620.43
2023-12-28,102,Smartwatch,4,604.81
2024-03-28,98,Smartphone,10,597.86
2024-01-17,261,Tablet,8,748.81
2023-12-05,117,Headphones,2,206.57
2024-01-06,255,Smartphone,1,508.91
2024-04-06,12,Smartwatch,6,248.43
2024-07-28,221,Smartphone,8,279.75
2024-10-01,98,Laptop,1,489.17
2023-11-27,193,Laptop,9,94.49
2024-09-14,366,Headphones,7,152.62
2024-09-28,64,Smartphone,8,352.9
2024-09-29,108,Headphones,2,697.66
2024-02-04,384,Tablet,5,973.07
2024-04-15,480,Headphones,2,869.85
2024-11-12,228,Smartphone,9,910.62
2023-11-27,372,Tablet,4,80.73
2024-05-21,416,Laptop,7,740.14
2024-02-25,297,Smartwatch,6,86.13
2024-10-15,46,Laptop,10,271.59
2024-04-07,166,Tablet,5,732.2
2024-09-25,485,Headphones,2,232.08
2024-10-04,277,Tablet,8,366.79
2023-11-27,30,Smartwatch,10,968.32
2024-05-18,459,Laptop,8,875.66
2024-04-12,39,Smartwatch,2,280.93
2024-01-18,184,Headphones,3,790.98
2024-06-05,310,Tablet,8,829.97
2024-05-11,107,Smartwatch,2,490.18
2024-09-28,29,Tablet,9,112.86
2024-07-12,478,Laptop,5,654.0
2024-02-11,498,Headphones,5,774.48
2024-04-16,367,Smartwatch,2,760.07
2024-04-28,291,Headphones,6,235.98
2024-09-30,339,Smartwatch,8,102.32
2024-01-26,58,Headphones,8,924.2
2024-06-15,261,Smartwatch,6,647.13
2024-07-29,446,Smartphone,5,865.54
2024-07-15,315,Tablet,6,37.76
2024-06-13,364,Headphones,2,804.95
2023-12-28,331,Laptop,9,867.63
2024-07-04,472,Headphones,3,568.64
2024-10-29,260,Tablet,4,727.92
2024-01-18,119,Smartphone,10,544.23
2024-01-26,440,Smartwatch,1,408.52
2024-10-20,298,Smartwatch,9,768.33
2024-11-23,55,Headphones,7,359.08
2024-04-09,385,Smartphone,6,380.79
2023-12-31,200,Tablet,10,181.94
2023-12-08,465,Tablet,9,100.22
2024-09-15,400,Headphones,2,673.14
2024-01-02,161,Headphones,3,693.01
2024-04-18,296,Tablet,4,645.22
2024-02-28,38,Laptop,8,823.19
2024-08-23,476,Smartphone,9,36.61
2024-08-05,206,Smartphone,9,381.22
2024-01-07,182,Laptop,5,998.12
2024-04-26,144,Tablet,3,505.62
2024-02-14,210,Laptop,2,480.11
2024-04-09,432,Headphones,6,800.23
2024-08-04,455,Smartphone,9,912.38
2024-03-22,101,Smartwatch,1,767.48
2024-03-29,362,Smartphone,8,128.91
2024-03-27,146,Smartwatch,6,866.36
2024-02-26,89,Tablet,4,30.45
2024-08-04,286,Laptop,10,347.73
2024-01-18,249,Laptop,3,738.99
2024-11-11,399,Tablet,2,310.77
2024-04-05,452,Laptop,10,117.12
2024-09-21,360,Smartwatch,3,979.18
2024-10-13,57,Smartphone,2,446.74
2024-10-24,476,Laptop,3,709.94
2024-06-11,286,Laptop,10,934.94
2024-10-10,210,Headphones,9,978.49
2024-03-16,225,Tablet,8,756.79
2024-09-22,389,Headphones,4,203.77
2024-05-05,398,Tablet,1,155.81
2024-04-05,41,Headphones,9,229.84
2024-03-07,282,Laptop,6,161.9
2024-03-24,265,Headphones,5,406.93
2024-05-24,401,Smartphone,8,153.2
2023-12-23,446,Smartwatch,1,940.06
2023-12-22,300,Tablet,9,76.11
2024-07-25,407,Headphones,4,455.52
2024-09-24,407,Laptop,6,503.02
2024-11-15,181,Smartphone,7,628.89
2024-04-09,94,Laptop,7,428.78
2024-03-30,465,Laptop,7,928.87
2024-10-07,16,Smartwatch,3,764.59
2023-12-04,192,Tablet,9,860.87
2024-04-04,442,Headphones,1,744.26
2024-06-30,120,Smartwatch,1,453.77
2024-07-02,424,Headphones,3,890.64
2024-02-04,14,Headphones,3,179.16
2023-12-05,53,Laptop,7,745.44
2024-04-15,263,Headphones,2,422.62
2024-03-28,332,Tablet,3,511.03
2024-11-21,471,Tablet,4,179.22
2023-12-05,334,Tablet,10,502.29
2024-09-18,347,Tablet,9,834.44
2024-11-16,381,Smartwatch,10,224.44
2024-04-23,66,Tablet,8,910.43
2024-04-18,367,Laptop,6,833.25
2024-03-25,206,Laptop,2,801.27
2023-12-04,416,Smartwatch,2,484.05
2024-01-18,327,Laptop,2,403.61
2024-11-16,204,Smartphone,7,486.69
2024-11-05,477,Smartphone,7,15.88
2024-05-04,286,Headphones,5,876.32
2024-05-16,431,Smartwatch,10,897.11
2023-12-21,329,Laptop,9,612.8
2024-04-26,99,Smartphone,3,364.9
2024-07-11,242,Smartwatch,1,696.64
2023-12-28,108,Smartwatch,1,215.72
2024-01-31,179,Laptop,3,115.41
2024-06-26,459,Smartwatch,5,825.15
2024-02-28,281,Smartphone,3,70.48
2023-12-29,320,Smartwatch,3,593.11
2023-12-16,229,Smartphone,8,118.44
2024-07-11,141,Smartwatch,9,74.7
2024-02-28,200,Smartphone,1,186.91
2024-05-27,187,Smartwatch,9,808.74
2024-08-22,73,Smartphone,6,208.51
2024-03-12,351,Headphones,3,448.88
2024-09-22,337,Headphones,4,827.11
2024-05-13,260,Laptop,7,123.86
2024-09-01,493,Smartphone,3,601.81
2023-12-28,494,Tablet,8,257.79
2024-11-05,79,Laptop,8,559.48
2024-08-18,162,Headphones,7,523.82
2024-09-08,106,Smartphone,8,490.78
2024-03-01,181,Smartwatch,1,990.09
2024-08-20,443,Smartphone,8,475.84
2023-12-28,265,Tablet,7,609.27
2024-08-16,374,Tablet,6,503.5
2024-10-21,28,Smartwatch,9,271.38
2024-11-08,136,Smartwatch,4,99.83
2024-09-22,304,Smartwatch,7,601.19
2024-10-21,467,Headphones,3,356.34
2024-01-24,289,Smartwatch,4,619.65
2024-07-23,256,Smartwatch,5,990.37
2024-04-16,325,Tablet,3,165.35
2024-04-22,342,Smartphone,6,190.31
2024-07-12,349,Smartphone,3,891.16
2024-04-16,346,Laptop,7,211.49
2024-01-20,475,Tablet,1,763.03
2024-01-31,184,Smartwatch,4,304.09
2024-01-06,346,Smartwatch,2,415.8
2024-08-28,218,Tablet,6,607.36
2024-08-05,47,Smartwatch,6,463.45
2024-09-06,183,Headphones,6,127.6
2024-10-18,322,Headphones,6,872.35
2024-05-15,317,Smartphone,9,278.27
2024-05-30,223,Laptop,6,176.74
2024-06-23,204,Smartphone,4,58.45
2024-10-14,353,Laptop,9,185.05
2024-01-09,101,Smartwatch,8,315.76
2024-10-09,301,Smartphone,1,48.83
2024-09-19,91,Laptop,10,782.23
2024-10-05,22,Headphones,2,393.08
2024-02-04,456,Laptop,1,805.04
2023-12-20,238,Tablet,9,349.02
2024-05-01,18,Tablet,3,945.69
2024-09-25,32,Laptop,7,758.69
2024-04-07,417,Smartphone,5,391.45
2024-09-14,264,Laptop,8,96.93
2024-07-04,3,Laptop,8,140.41
2024-02-17,190,Smartphone,4,910.15
2024-07-02,140,Smartphone,3,517.1
2024-10-17,241,Smartwatch,8,18.83
2024-10-31,92,Smartwatch,8,437.04
2024-01-01,120,Headphones,9,726.99
2024-09-28,100,Tablet,8,939.27
2024-05-09,345,Laptop,5,67.05
2024-10-05,259,Smartwatch,2,367.05
2024-11-09,417,Smartphone,8,690.07
2024-11-23,124,Laptop,10,573.14
2024-05-24,121,Smartwatch,3,914.97
2024-07-01,196,Tablet,3,431.45
2024-01-08,111,Tablet,6,701.31
2024-04-17,237,Headphones,1,868.09
2024-09-30,319,Laptop,3,456.6
2024-07-30,410,Laptop,10,586.94
2024-02-22,31,Tablet,4,748.13
2024-06-08,354,Smartphone,6,670.5
2024-04-05,27,Smartphone,4,764.35
2024-07-19,246,Smartwatch,8,911.71
2024-08-28,239,Headphones,10,92.05
2024-04-06,462,Tablet,2,71.43
2024-01-26,360,Headphones,1,18.97
2024-07-22,280,Laptop,1,971.25
2023-12-20,236,Tablet,2,30.68
2024-02-06,472,Tablet,8,964.06
2023-12-03,309,Smartphone,1,15.25
2024-09-25,426,Laptop,9,46.28
2024-09-27,107,Headphones,10,671.98
2024-10-17,119,Laptop,6,560.58
2023-12-18,15,Laptop,3,734.84
2024-08-28,465,Headphones,10,203.6
2024-04-04,314,Smartphone,3,765.53
2024-10-19,279,Laptop,6,91.21
2024-11-21,324,Smartwatch,3,948.31
2024-09-15,71,Smartphone,2,337.38
2024-09-13,4,Laptop,2,876.98
2024-06-10,410,Tablet,5,954.71
2024-03-02,359,Laptop,7,576.0
2024-03-03,416,Smartwatch,5,516.16
2024-06-04,87,Smartwatch,9,718.83
2024-02-20,411,Headphones,2,47.55
2024-09-22,299,Laptop,9,805.83
2024-05-04,368,Tablet,3,200.44
2023-12-26,175,Tablet,8,771.61
2024-06-22,22,Smartphone,1,773.88
2024-09-20,399,Smartwatch,8,487.6
2024-06-16,496,Headphones,10,641.31
2024-02-27,242,Tablet,4,577.68
2024-10-13,242,Tablet,4,588.87
2024-08-06,440,Headphones,7,451.54
2024-05-01,415,Smartphone,2,168.56
2023-12-07,63,Tablet,5,241.62
2024-08-22,221,Smartwatch,6,84.16
2024-11-04,483,Smartphone,5,365.98
2023-12-15,53,Smartwatch,8,601.6
2024-06-06,377,Laptop,6,191.61
2023-12-10,146,Laptop,5,381.03
2024-07-21,329,Headphones,6,814.68
2024-08-15,458,Laptop,9,396.57
2024-04-23,330,Laptop,6,211.76
2024-02-04,314,Smartwatch,3,969.28
2024-10-25,418,Laptop,5,906.41
2024-07-19,272,Smartwatch,4,410.03
2024-07-11,42,Headphones,4,756.62
2024-07-25,195,Tablet,1,141.27
2024-03-13,476,Laptop,9,863.59
2024-01-03,488,Smartwatch,4,54.86
2024-07-10,74,Headphones,8,532.65
2024-03-15,483,Tablet,1,87.94
2023-12-14,437,Smartphone,3,460.41
2024-01-14,2,Tablet,3,148.31
2024-07-29,9,Smartwatch,8,531.0
2024-09-29,165,Smartwatch,8,401.51
2024-03-16,115,Smartphone,9,331.58
2024-09-13,15,Headphones,5,690.8
2024-10-14,139,Smartphone,6,673.09
2024-10-09,134,Smartwatch,9,443.24
2024-02-17,348,Smartwatch,10,129.81
2024-02-08,480,Tablet,8,825.83
2024-10-24,491,Smartphone,4,444.82
2024-04-26,172,Laptop,10,999.06
2024-05-17,202,Tablet,5,86.18
2024-02-06,145,Headphones,2,180.41
2024-02-15,130,Tablet,6,328.62
2024-01-23,220,Smartphone,4,763.55
2024-06-14,456,Laptop,4,479.79
2024-06-05,15,Smartphone,4,604.55
2024-01-06,396,Tablet,8,432.19
2024-09-07,10,Tablet,7,828.0
2024-06-21,247,Tablet,9,691.12
2024-03-03,381,Laptop,10,684.86
2024-01-26,247,Tablet,5,616.47
2023-12-03,327,Headphones,4,274.71
2024-02-16,419,Smartwatch,6,417.22
2024-05-12,322,Smartphone,7,157.82
2024-09-09,444,Tablet,2,992.77
2024-05-11,176,Smartwatch,8,168.61
2024-03-06,281,Smartwatch,5,483.8
2024-01-03,20,Tablet,8,211.97
2024-02-02,485,Laptop,1,572.52
2023-12-14,397,Laptop,4,490.23
2024-02-17,487,Tablet,3,703.83
2024-08-05,281,Smartwatch,5,757.85
2024-06-09,370,Smartphone,1,772.24
2023-12-09,462,Headphones,6,394.67
2024-05-12,313,Headphones,3,668.25
2024-08-13,404,Tablet,2,939.49
2024-02-04,346,Smartwatch,7,848.3
2024-02-18,376,Smartphone,2,46.6
2024-07-16,257,Smartwatch,10,580.72
2024-01-12,87,Smartphone,6,555.7
2024-03-24,346,Tablet,4,589.38
2024-09-09,126,Smartphone,2,108.83
2024-04-07,484,Laptop,6,212.58
2023-12-29,47,Headphones,5,609.85
2023-12-20,16,Laptop,5,120.09
2023-12-03,403,Tablet,7,710.96
2024-01-04,47,Headphones,5,255.09
2024-05-25,172,Laptop,2,700.4
2024-10-24,328,Headphones,7,858.86
2024-10-02,313,Laptop,7,762.75
2024-06-08,480,Smartwatch,8,240.24
2024-10-14,440,Smartphone,5,901.02
2024-10-25,255,Headphones,5,849.06
2024-08-26,29,Smartwatch,6,573.68
2024-08-07,43,Smartwatch,1,570.83
2023-12-30,301,Smartphone,1,674.03
2024-10-21,488,Laptop,1,566.96
2024-05-16,451,Smartwatch,5,741.44
2024-05-02,29,Smartwatch,10,251.99
2024-03-12,196,Laptop,9,790.65
2024-10-03,132,Smartphone,7,180.85
2024-05-05,440,Smartphone,4,788.16
2024-05-18,130,Smartphone,8,873.6
2024-02-06,305,Tablet,3,232.59
2024-05-12,16,Tablet,2,279.01
2024-03-13,82,Tablet,4,648.66
2024-10-15,331,Headphones,2,576.33
2024-03-27,358,Tablet,2,338.98
2024-07-22,426,Headphones,3,323.89
2024-04-28,6,Smartwatch,2,124.91
2023-12-17,152,Laptop,6,977.14
2024-02-15,330,Tablet,2,557.02
2024-09-26,351,Tablet,4,147.4
2024-06-01,130,Headphones,8,674.09
2024-07-17,65,Smartwatch,8,409.39
2024-07-04,385,Smartphone,4,898.79
2024-05-11,299,Headphones,6,695.95
2024-06-04,471,Tablet,4,315.56
2023-12-20,264,Smartphone,10,622.55
2024-11-12,373,Headphones,4,206.13
2024-11-03,99,Smartwatch,6,930.38
2024-06-09,342,Headphones,10,696.28
2024-05-05,425,Smartphone,10,794.39
2024-06-22,324,Headphones,4,597.07
2024-03-19,421,Laptop,5,816.46
2024-07-21,352,Tablet,2,969.96
2024-03-19,153,Laptop,10,988.96
2024-06-08,262,Headphones,8,550.61
2024-09-20,346,Smartwatch,4,255.92
2024-03-05,368,Smartphone,4,506.19
2024-07-28,458,Headphones,8,929.74
2024-10-24,483,Headphones,5,53.75
2023-12-25,303,Headphones,6,213.8
2024-03-26,382,Smartphone,1,900.71
2024-10-17,394,Smartphone,4,112.42
2024-05-19,192,Smartphone,2,741.94
2024-09-11,280,Tablet,7,643.17
2024-10-31,229,Laptop,5,277.56
2024-04-10,73,Tablet,7,933.04
2023-12-09,299,Laptop,3,309.76
2024-04-04,2,Tablet,7,570.75
2024-05-22,119,Laptop,1,308.94
2024-07-30,453,Laptop,9,74.64
2023-12-20,147,Smartphone,7,527.08
2024-10-16,14,Headphones,1,631.01
2024-07-22,234,Tablet,7,598.39
2024-05-16,223,Smartphone,9,237.28
2024-06-21,461,Headphones,6,134.83
2024-08-08,342,Tablet,10,952.58
2023-12-12,403,Tablet,6,513.98
2024-02-19,402,Tablet,8,186.57
2024-02-20,408,Smartwatch,1,94.24
2024-08-21,18,Headphones,9,656.95
2024-07-19,475,Headphones,8,357.55
2024-02-28,190,Smartphone,1,976.38
2024-06-20,239,Headphones,8,858.55
2023-12-03,195,Smartphone,6,554.61
2023-12-15,398,Headphones,6,786.79
2024-05-23,391,Smartwatch,3,274.41
2024-05-16,104,Headphones,8,48.52
2024-05-01,33,Smartphone,4,626.25
2024-05-07,243,Smartwatch,9,164.85
2024-01-22,333,Smartphone,9,810.03
2024-07-27,483,Tablet,2,633.86
2024-08-30,458,Smartwatch,7,196.39
2024-01-08,411,Headphones,2,145.99
2024-09-27,363,Smartwatch,9,189.89
2024-03-28,426,Laptop,9,99.01
2024-03-02,113,Smartphone,5,643.21
2024-03-17,221,Smartwatch,5,381.71
2024-10-16,259,Laptop,1,358.21
2024-11-22,203,Laptop,5,653.07
2024-09-28,45,Laptop,2,438.89
2024-11-07,384,Headphones,10,298.19
2024-01-06,37,Smartwatch,8,875.94
2024-10-26,373,Headphones,5,852.68
2024-01-26,278,Headphones,8,885.5
2024-11-12,363,Headphones,8,270.21
2024-10-12,23,Headphones,2,638.51
2024-09-27,375,Headphones,10,373.65
2024-05-03,178,Headphones,3,838.74
2024-03-02,107,Smartphone,3,24.46
2024-03-08,382,Headphones,9,630.87
2024-03-26,392,Smartwatch,4,294.99
2024-08-11,8,Laptop,10,661.06
2024-03-02,457,Tablet,9,424.53
2024-04-01,415,Laptop,3,350.7
2024-06-06,63,Laptop,10,255.09
2024-04-11,95,Headphones,6,729.08
2024-08-24,492,Smartphone,7,10.61
2024-10-15,426,Tablet,7,905.24
2024-01-03,282,Laptop,3,930.8
2024-04-17,179,Smartwatch,2,771.29
2024-05-19,265,Laptop,6,293.45
2024-05-27,380,Smartwatch,2,616.71
2024-07-03,100,Laptop,7,879.05
2023-12-20,118,Tablet,5,484.27
2024-01-20,139,Smartwatch,6,658.66
2023-12-22,367,Tablet,7,687.54
2024-08-22,223,Headphones,5,572.72
2024-03-11,258,Tablet,7,949.66
2024-09-26,106,Laptop,10,555.86
2024-04-15,360,Headphones,6,788.96
2024-04-06,299,Smartwatch,2,901.44
2024-11-14,296,Tablet,9,378.82
2024-04-11,186,Laptop,3,49.32
2024-11-09,218,Tablet,4,590.01
2024-01-24,273,Laptop,5,907.46
2024-09-13,254,Headphones,5,247.72
2024-06-17,56,Smartphone,1,356.05
2023-12-12,170,Headphones,1,818.75
2024-02-09,460,Tablet,7,819.52
2024-07-06,250,Laptop,3,783.74
2024-06-01,43,Laptop,2,692.03
2024-01-09,481,Tablet,3,881.9
2024-05-25,132,Laptop,6,163.04
2024-03-08,208,Laptop,7,962.57
2024-09-15,253,Tablet,2,651.98
2024-08-18,487,Smartwatch,7,501.51
2024-03-17,341,Smartwatch,6,648.76
2024-03-28,452,Tablet,7,27.07
2024-08-06,172,Headphones,7,299.27
2024-01-02,336,Headphones,9,599.9
2024-09-13,323,Smartwatch,10,218.12
2024-03-11,495,Smartwatch,6,500.64
2024-08-25,74,Smartwatch,1,772.12
2024-07-29,140,Tablet,7,913.98
2024-10-04,200,Tablet,3,280.81
2024-05-13,279,Smartphone,5,621.4
2024-03-24,494,Tablet,7,810.44
2024-11-21,27,Headphones,9,367.57
2024-06-08,493,Laptop,3,98.24
2024-11-09,420,Smartphone,2,360.28
2024-01-03,489,Smartwatch,4,256.8
2023-11-29,462,Tablet,7,221.08
2024-11-11,320,Tablet,1,429.59
2024-05-07,304,Smartphone,4,645.86
2024-02-12,116,Laptop,4,931.44
2024-03-04,193,Smartwatch,1,300.03
2024-04-17,453,Tablet,10,396.46
2024-06-07,408,Smartphone,10,734.96
2024-05-10,393,Smartphone,6,983.33
2024-06-01,155,Headphones,2,619.73
2024-04-29,274,Smartphone,1,580.17
2024-04-12,207,Headphones,10,953.0
2024-11-10,453,Smartwatch,3,612.64
2024-02-17,294,Tablet,9,225.52
2024-02-25,451,Headphones,5,28.83
2024-10-26,73,Smartwatch,3,703.44
2024-02-08,209,Laptop,6,172.57
2024-11-11,220,Headphones,6,901.67
2024-05-13,257,Smartwatch,1,333.21
2023-12-27,369,Smartphone,1,372.37
2024-02-28,391,Headphones,3,470.02
2023-12-25,396,Smartwatch,7,229.38
2023-12-30,429,Smartwatch,7,94.83
2024-08-24,494,Laptop,6,267.3
2024-04-29,270,Smartphone,3,727.44
2023-12-21,448,Headphones,8,155.04
2024-09-09,31,Laptop,2,273.56
2024-09-01,427,Laptop,3,502.48
2024-02-06,180,Tablet,9,442.36
2023-12-24,266,Headphones,2,79.3
2023-12-23,133,Smartwatch,5,265.33
2024-01-12,123,Headphones,10,147.15
2024-10-11,32,Headphones,4,746.99
2024-06-06,33,Laptop,2,583.15
2024-09-10,345,Laptop,2,128.58
2024-01-05,130,Tablet,10,436.72
2024-01-31,51,Smartwatch,1,636.08
2024-08-19,466,Tablet,5,649.21
2024-08-07,461,Smartphone,5,801.08
2023-11-25,247,Smartphone,8,774.55
2024-09-13,357,Laptop,7,840.06
2024-10-01,136,Smartwatch,4,937.84
2024-01-21,19,Headphones,5,703.98
2024-05-11,254,Tablet,9,177.91
2024-09-06,151,Tablet,10,113.82
2024-05-13,73,Laptop,1,452.96
2023-11-28,335,Laptop,10,166.85
2024-11-09,27,Laptop,6,130.52
2024-03-29,38,Headphones,6,480.54
2024-02-27,10,Laptop,4,916.85
2023-12-16,102,Smartwatch,1,174.04
2024-11-11,80,Smartwatch,2,404.8
2024-02-11,179,Smartwatch,4,713.25
2024-06-22,399,Laptop,1,472.49
2024-09-10,112,Headphones,6,186.34
2024-03-18,394,Smartphone,1,34.3
2024-05-22,195,Laptop,4,38.88
2024-10-21,268,Headphones,7,844.5
2024-08-07,297,Headphones,1,51.48
2024-04-28,365,Smartwatch,5,344.58
2023-12-07,113,Tablet,4,237.48
2024-07-11,103,Smartwatch,4,81.6
2024-09-09,75,Smartphone,4,417.46
2024-04-07,134,Smartwatch,8,602.68
2024-11-17,156,Headphones,5,12.34
2024-04-22,355,Tablet,9,124.2
2024-03-07,18,Tablet,7,567.78
2024-10-24,448,Smartwatch,10,237.54
2024-04-28,344,Laptop,4,228.25
2024-03-03,249,Smartwatch,9,80.23
2024-07-04,467,Headphones,4,535.12
2024-05-12,148,Smartwatch,3,103.34
2024-03-16,28,Smartphone,4,476.07
2024-10-15,218,Smartphone,6,522.05
2024-07-16,231,Smartphone,9,172.88
2024-01-17,299,Smartphone,7,339.22
2023-12-22,188,Headphones,6,382.05
2024-05-04,250,Smartwatch,10,389.02
2024-07-31,362,Smartwatch,5,561.57
2024-06-21,219,Smartwatch,7,897.63
2024-03-20,457,Tablet,7,796.0
2024-09-26,397,Headphones,1,637.95
2024-09-05,367,Headphones,10,545.94
2024-01-06,178,Headphones,5,87.51
2024-09-18,228,Tablet,5,689.11
2024-11-01,321,Tablet,9,564.19
2024-02-23,187,Headphones,1,983.59
2023-12-28,315,Laptop,3,907.05
2023-12-05,281,Tablet,7,809.84
2023-12-04,264,Smartphone,9,497.39
2024-05-01,381,Laptop,7,866.07
2024-07-23,277,Smartwatch,2,571.44
2024-11-02,442,Laptop,3,278.23
2024-08-08,28,Smartwatch,8,28.18
2024-03-10,416,Laptop,1,50.66
2023-12-30,28,Tablet,9,760.16
2024-02-28,414,Smartwatch,5,605.34
2024-04-10,6,Smartwatch,10,739.26
2024-05-14,450,Smartwatch,4,543.9
2024-07-05,160,Headphones,6,480.04
2024-06-14,334,Smartphone,9,128.62
2024-03-25,179,Smartphone,10,751.63
2024-03-11,152,Headphones,4,521.49
2024-08-23,86,Laptop,7,318.74
2024-08-14,45,Smartphone,9,150.97
2024-07-24,311,Headphones,3,363.76
2024-04-26,262,Smartwatch,5,267.62
2024-11-20,235,Tablet,8,918.57
2024-11-08,211,Smartphone,3,921.11
2024-07-14,451,Headphones,8,717.96
2024-05-19,468,Headphones,6,722.83
2023-12-21,236,Tablet,6,877.21
2024-02-19,195,Tablet,10,876.68
2024-07-30,434,Tablet,9,161.87
2024-05-30,278,Smartwatch,5,463.99
2024-03-04,13,Headphones,8,49.86
2024-06-28,292,Smartwatch,6,164.75
2024-03-02,20,Headphones,7,523.98
2024-03-03,394,Laptop,10,379.19
2024-11-17,27,Smartphone,8,952.83
2024-01-24,127,Smartwatch,3,84.78
2024-02-28,341,Tablet,7,531.61
2024-11-02,363,Tablet,4,590.39
2024-06-12,48,Headphones,9,443.1
2024-07-12,111,Laptop,1,775.07
2024-07-23,402,Smartwatch,6,345.61
2024-03-02,431,Headphones,9,759.06
2024-09-02,122,Smartphone,9,724.6
2024-08-17,437,Headphones,10,226.4
2024-06-19,360,Headphones,8,161.93
2024-06-29,225,Smartwatch,2,830.04
2024-04-19,132,Smartwatch,6,353.19
2024-02-05,352,Tablet,9,488.49
2024-03-26,194,Smartwatch,10,650.71
2024-09-07,109,Headphones,10,71.71
2023-12-12,384,Headphones,7,229.84
2024-07-28,278,Headphones,4,393.11
2024-08-30,446,Headphones,1,466.15
2024-04-12,119,Laptop,1,119.06
2024-03-15,249,Headphones,5,465.37
2024-01-31,121,Smartwatch,7,331.15
2024-10-04,495,Tablet,3,378.17
2024-04-30,253,Smartwatch,5,997.12
2024-09-11,109,Laptop,10,21.99
2024-04-01,260,Laptop,9,656.69
2024-01-12,165,Headphones,4,376.53
2024-01-12,271,Laptop,6,800.84
2024-04-07,496,Smartphone,8,658.49
2024-11-15,110,Smartphone,7,217.47
2024-06-11,167,Tablet,3,708.67
2024-08-09,126,Smartphone,10,253.95
2024-09-26,65,Headphones,8,57.29
2024-08-17,212,Laptop,4,327.51
2024-01-31,47,Smartphone,1,919.47
2024-04-07,208,Laptop,10,724.41
2024-07-20,126,Headphones,8,14.02
2024-07-16,159,Tablet,5,818.8
2024-03-11,406,Tablet,9,379.89
2024-04-07,264,Smartphone,3,906.14
2024-04-10,295,Laptop,10,256.49
2024-08-03,86,Headphones,10,853.12
2024-03-06,408,Headphones,3,793.04
2024-02-13,495,Smartwatch,7,165.2
2024-11-14,83,Smartphone,2,47.53
2023-12-15,124,Smartwatch,9,916.81
2024-05-25,185,Tablet,10,141.68
2024-08-02,42,Headphones,10,548.16
2024-08-15,443,Smartphone,10,614.59
2024-05-30,401,Tablet,10,24.07
2024-10-07,284,Laptop,6,701.72
2024-02-14,5,Smartwatch,3,413.2
2024-10-23,284,Smartphone,2,875.05
2024-03-07,216,Tablet,10,490.24
2024-08-06,413,Tablet,9,126.52
2024-05-25,311,Headphones,2,904.75
2024-03-16,225,Smartphone,6,795.65
2024-09-05,106,Smartphone,7,480.69
2024-02-24,222,Tablet,5,437.64
2023-12-05,259,Headphones,7,179.84
2024-09-23,80,Headphones,10,432.02
2024-04-16,144,Smartwatch,3,723.22
2024-11-20,452,Headphones,9,158.63
2024-03-06,408,Smartwatch,2,714.13
2024-05-13,445,Laptop,5,193.91
2024-01-23,268,Laptop,4,484.37
2024-01-07,312,Tablet,3,653.09
2024-10-03,389,Smartphone,3,654.72
2024-06-02,421,Smartwatch,4,454.99
2024-02-12,480,Smartphone,6,200.86
2024-05-31,31,Laptop,10,514.83
2024-11-19,351,Laptop,1,821.14
2024-01-23,173,Headphones,1,654.56
2024-08-16,190,Smartwatch,9,842.17
2024-03-21,77,Laptop,10,342.47
2024-07-24,25,Tablet,8,677.13
2024-01-09,77,Tablet,6,401.52
2024-02-17,170,Tablet,7,32.82
2024-04-19,75,Laptop,7,284.71
2024-02-07,112,Smartphone,6,33.31
2024-06-30,194,Headphones,3,22.29
2024-05-18,303,Smartwatch,8,616.87
2024-07-24,446,Tablet,10,988.72
2024-02-18,201,Tablet,1,606.78
2024-04-13,100,Tablet,7,81.3
2024-07-20,399,Tablet,10,717.63
2024-02-06,165,Laptop,6,869.19
2024-05-27,306,Headphones,9,582.32
2024-04-19,148,Headphones,10,630.95
2023-12-07,78,Smartwatch,7,397.43
2024-06-04,292,Laptop,6,916.01
2024-07-11,188,Laptop,8,296.9
2024-01-01,382,Tablet,10,846.28
2024-03-20,425,Tablet,8,429.03
2024-09-17,469,Laptop,7,554.96
2024-02-22,238,Headphones,10,498.0
2024-09-17,166,Headphones,9,656.32
2024-07-07,345,Smartphone,5,709.26
2024-06-12,98,Smartphone,6,581.19
2024-08-12,149,Smartphone,8,836.36
2023-12-28,402,Smartwatch,4,112.36
2024-06-04,462,Laptop,9,346.01
2024-05-03,62,Tablet,10,632.05
2024-06-09,110,Smartphone,9,779.83
2024-10-11,113,Smartphone,6,88.92
2024-09-23,78,Smartwatch,3,98.11
2024-06-15,461,Headphones,6,86.93
2024-01-12,8,Laptop,6,665.68
2024-07-12,266,Laptop,8,194.79
2024-03-16,196,Smartwatch,7,717.02
2024-10-25,423,Headphones,1,704.58
2024-01-11,423,Smartwatch,2,839.44
2024-07-22,416,Laptop,4,994.11
2024-11-18,33,Headphones,4,747.25
2024-11-16,445,Headphones,6,516.81
2023-12-17,149,Laptop,1,356.87
2024-05-28,440,Smartwatch,2,537.68
2024-05-10,449,Smartwatch,5,743.45
2024-05-25,364,Smartphone,4,566.39
2024-05-27,500,Headphones,1,489.65
2024-02-04,410,Laptop,10,969.01
2024-09-01,382,Headphones,4,406.46
2024-08-02,420,Tablet,7,960.4
2024-08-24,339,Tablet,6,516.19
2023-12-25,226,Smartwatch,5,997.16
2024-04-06,291,Smartwatch,6,914.38
2024-05-22,395,Tablet,7,28.1
2024-01-19,18,Headphones,8,168.96
2024-08-02,64,Smartphone,5,526.65
2024-05-13,28,Tablet,2,118.11
2024-07-07,6,Laptop,7,456.18
2024-08-23,451,Headphones,7,976.14
2024-10-01,384,Headphones,10,669.86
2024-06-26,415,Smartwatch,6,875.79
2024-11-19,143,Laptop,3,696.49
2024-05-10,354,Headphones,5,329.5
2024-02-25,25,Smartwatch,2,868.77
2024-08-21,418,Smartphone,9,788.8
2024-01-13,296,Smartwatch,1,349.2
2024-11-04,361,Headphones,5,491.38
2024-06-29,417,Smartwatch,3,107.38
2024-04-07,172,Tablet,7,722.82
2024-04-17,213,Smartphone,8,654.26
2024-07-05,83,Smartwatch,6,251.79
2024-10-30,416,Smartwatch,1,701.65
2024-09-29,99,Smartphone,1,779.5
2024-11-23,482,Headphones,2,987.45
2024-05-04,198,Smartphone,2,224.47
2024-09-09,307,Tablet,4,456.75
2024-10-29,11,Smartwatch,7,777.19
2024-02-29,290,Tablet,6,341.04
2023-12-05,266,Smartwatch,2,684.85
2024-03-12,54,Tablet,6,52.95
2024-05-21,181,Smartphone,5,135.13
2023-12-19,499,Headphones,4,674.53
2024-04-21,9,Tablet,10,631.55
2024-03-29,284,Tablet,9,731.96
2024-09-19,23,Headphones,5,45.19
2024-06-13,399,Headphones,1,408.09
2024-05-14,62,Smartphone,8,124.4
2024-07-05,99,Laptop,9,576.3
2023-12-30,256,Laptop,3,304.63
2023-12-29,373,Smartwatch,2,294.91
2024-08-27,352,Smartphone,1,131.73
2024-01-23,207,Headphones,9,767.42
2024-01-04,366,Tablet,7,27.68
2024-06-17,395,Smartwatch,4,876.63
2024-02-23,114,Laptop,3,734.83
2024-09-08,319,Tablet,3,969.67
2024-10-08,154,Tablet,7,332.68
2024-08-31,439,Smartwatch,5,395.1
2024-03-19,129,Headphones,1,895.17
2024-09-23,481,Headphones,2,439.24
2024-10-11,316,Tablet,5,498.23
2024-08-06,329,Headphones,4,701.73
2024-03-28,419,Smartphone,3,113.17
2024-08-09,421,Tablet,7,233.68
2024-08-22,16,Tablet,2,679.64
2024-05-01,99,Smartphone,4,938.89
2024-08-11,320,Tablet,4,582.11
2024-06-03,423,Smartwatch,4,710.26
2024-02-20,199,Smartphone,7,323.51
2024-06-25,183,Laptop,8,409.0
2024-08-29,66,Tablet,1,521.58
2024-10-31,15,Tablet,8,841.46
2024-07-06,478,Tablet,5,197.3
2024-03-05,398,Laptop,2,636.56
2024-10-27,151,Laptop,3,135.08
2024-03-02,465,Tablet,6,152.23
2024-07-02,93,Smartwatch,8,604.44
2024-02-19,293,Smartwatch,4,23.8
2024-08-24,470,Smartwatch,2,274.58
2024-08-28,480,Headphones,2,932.55
2023-12-13,167,Headphones,4,316.65
2024-11-15,155,Smartphone,6,190.47
2024-03-27,144,Laptop,5,581.98
2024-09-26,133,Headphones,3,601.02
2024-07-22,406,Laptop,1,928.09
2024-05-13,452,Smartphone,8,235.01
2024-11-05,202,Laptop,5,788.41
2024-01-24,56,Laptop,8,834.43
2024-11-14,82,Laptop,2,993.65
2024-06-08,256,Headphones,6,492.18
2024-05-25,209,Smartwatch,7,979.89
2024-04-04,270,Smartwatch,2,706.46
2023-12-14,391,Laptop,8,613.9
2024-10-06,207,Laptop,10,564.38
2024-08-07,485,Headphones,6,230.51
2023-11-28,330,Tablet,10,998.44
2024-06-28,489,Laptop,7,866.97
2024-03-28,297,Headphones,5,902.34
2024-10-04,375,Smartphone,7,80.51
2024-08-05,23,Smartphone,9,897.45
2024-10-14,408,Smartphone,6,457.01
2024-10-11,438,Smartwatch,6,623.03
2024-05-21,235,Laptop,4,227.09
2023-12-14,68,Headphones,2,109.79
2024-07-28,131,Smartwatch,3,393.75
2024-05-03,293,Headphones,3,266.36
2024-05-07,486,Smartwatch,5,152.97
2024-10-02,356,Smartphone,7,538.49
2024-11-18,466,Smartwatch,6,422.91
2024-06-06,267,Smartwatch,8,930.85
2024-09-08,147,Smartwatch,9,373.31
2024-07-11,240,Laptop,1,256.86
2024-11-21,242,Laptop,7,797.85
2024-03-27,245,Smartphone,9,39.73
2024-07-16,57,Laptop,6,136.45
2024-01-19,430,Tablet,7,975.31
2024-05-09,44,Smartwatch,10,148.93
2024-07-20,64,Headphones,4,86.56
2024-01-08,223,Smartwatch,6,804.65
2023-12-13,97,Laptop,9,923.5
2024-11-16,84,Tablet,1,626.66
2024-09-18,113,Laptop,9,964.08
2024-06-08,64,Headphones,8,621.6
2024-03-29,413,Smartwatch,4,31.96
2024-10-20,413,Tablet,7,523.64
2024-07-02,267,Smartwatch,7,744.02
2024-01-14,110,Tablet,2,299.39
2024-04-05,450,Smartwatch,10,457.02
2024-01-27,485,Smartphone,10,926.71
2024-03-21,211,Tablet,5,909.38
2024-04-10,466,Laptop,5,323.73
2024-07-15,189,Smartphone,6,813.64
2024-07-20,176,Laptop,10,368.05
2024-02-21,114,Tablet,8,904.81
2024-03-14,417,Headphones,9,95.92
2023-11-25,67,Laptop,4,311.49
2024-10-30,247,Smartwatch,4,900.67
2024-11-11,324,Tablet,6,362.55
2024-09-30,200,Smartwatch,2,188.54
2024-01-01,345,Laptop,7,90.3
2024-05-10,201,Laptop,5,316.95
2024-07-13,234,Tablet,2,960.01
2024-11-11,340,Smartphone,5,433.36
2024-02-26,245,Smartwatch,4,481.3
2024-10-08,290,Laptop,4,990.25
2024-11-02,167,Laptop,5,268.87
2024-06-27,228,Tablet,8,321.69
2024-02-21,381,Smartwatch,5,395.76
2024-01-05,426,Smartwatch,1,922.69
2024-09-09,451,Smartwatch,3,264.33
2023-12-18,104,Tablet,8,405.44
2024-04-18,320,Laptop,1,320.92
2023-12-31,164,Tablet,4,809.97
2024-09-17,135,Smartphone,9,833.59
2024-08-18,392,Smartphone,8,979.13
